"BROKEN","EPIC","FAILED","FEATURE","PASSED","SKIPPED","STORY","UNKNOWN"
"0","","0","Employee Income API","1","0","Should fail PATCH with invalid employmentType","0"
"0","","0","Employee Income API","1","0","Should create or update employee income with valid payload","0"
"0","","0","Employee Income API","1","0","Should fail PATCH with empty employmentType","0"
"0","","0","Employee Income API","1","0","Should fail PATCH with missing employmentType","0"
"0","","0","Employee Income API","1","0","Should fetch employee income with GET","0"
"0","","0","Employee Income API","1","0","Should fail PATCH with empty body","0"
"0","","0","Employee Income API","1","0","Should fail PATCH with incomeAmount below minimum","0"
"0","","0","Employee Income API","1","0","Should fail GET without auth token","0"
"0","","0","Employee Income API","1","0","Should fail PATCH without auth token","0"
